{"cameraMode":{"drawMode":0,"name":"Shaded","section":"Shading Mode"},"sceneLighting":true,"audioPlay":false,"sceneViewState":{"showFog":true,"showMaterialUpdate":false,"showSkybox":true,"showFlares":true,"showImageEffects":true,"showParticleSystems":true},"in2DMode":false,"pivot":{"x":-57.04442596435547,"y":26.079803466796876,"z":-13.934738159179688},"rotation":{"x":-0.2317616492509842,"y":0.31744688749313357,"z":-0.0803178995847702,"w":-0.9160215258598328},"size":74.37487030029297,"orthographic":false}