{"cameraMode":{"drawMode":0,"name":"Shaded","section":"Shading Mode"},"sceneLighting":false,"audioPlay":false,"sceneViewState":{"showFog":true,"showMaterialUpdate":false,"showSkybox":true,"showFlares":true,"showImageEffects":true,"showParticleSystems":true},"in2DMode":false,"pivot":{"x":-77.9854736328125,"y":-8.214736938476563,"z":161.98670959472657},"rotation":{"x":-0.00892612524330616,"y":-0.9599619507789612,"z":0.2784421741962433,"w":-0.030796166509389879},"size":58.37712860107422,"orthographic":false}