{"cameraMode":{"drawMode":0,"name":"Shaded","section":"Shading Mode"},"sceneLighting":true,"audioPlay":false,"sceneViewState":{"showFog":true,"showMaterialUpdate":false,"showSkybox":true,"showFlares":true,"showImageEffects":true,"showParticleSystems":true},"in2DMode":false,"pivot":{"x":-12.676925659179688,"y":66.38127899169922,"z":-38.85081481933594},"rotation":{"x":0.23667500913143159,"y":0.3638381361961365,"z":-0.09612789750099182,"w":0.89577716588974},"size":64.23878479003906,"orthographic":false}