{"cameraMode":{"drawMode":0,"name":"Shaded","section":"Shading Mode"},"sceneLighting":false,"audioPlay":false,"sceneViewState":{"showFog":true,"showMaterialUpdate":false,"showSkybox":true,"showFlares":true,"showImageEffects":true,"showParticleSystems":true},"in2DMode":false,"pivot":{"x":-68.30223846435547,"y":54.94553756713867,"z":-131.81796264648438},"rotation":{"x":-0.09575201570987702,"y":-0.09184855967760086,"z":0.00887240283191204,"w":-0.9911330342292786},"size":7.244753360748291,"orthographic":false}