{"cameraMode":{"drawMode":31,"name":"Sprite Mask","section":"Miscellaneous"},"sceneLighting":true,"audioPlay":false,"sceneViewState":{"showFog":true,"showMaterialUpdate":false,"showSkybox":true,"showFlares":true,"showImageEffects":true,"showParticleSystems":true},"in2DMode":false,"pivot":{"x":-0.9236392974853516,"y":7.267887115478516,"z":95.720947265625},"rotation":{"x":0.08731947094202042,"y":0.03449864685535431,"z":-0.0029357767198234798,"w":0.9955840706825256},"size":75.0760726928711,"orthographic":false}