{"cameraMode":{"drawMode":31,"name":"Sprite Mask","section":"Miscellaneous"},"sceneLighting":true,"audioPlay":false,"sceneViewState":{"showFog":true,"showMaterialUpdate":false,"showSkybox":true,"showFlares":true,"showImageEffects":true,"showParticleSystems":true},"in2DMode":false,"pivot":{"x":-0.06283187866210938,"y":5.495349884033203,"z":95.33346557617188},"rotation":{"x":0.09328179061412811,"y":0.03746539726853371,"z":-0.003422654466703534,"w":0.9949358105659485},"size":75.0760726928711,"orthographic":false}