{"cameraMode":{"drawMode":0,"name":"Shaded","section":"Shading Mode"},"sceneLighting":false,"audioPlay":false,"sceneViewState":{"showFog":true,"showMaterialUpdate":false,"showSkybox":true,"showFlares":true,"showImageEffects":true,"showParticleSystems":true},"in2DMode":false,"pivot":{"x":-1.7931088209152222,"y":-6.655247211456299,"z":36.67576217651367},"rotation":{"x":0.16578906774520875,"y":-0.1414880007505417,"z":0.02400542050600052,"w":0.9756812453269959},"size":20.279159545898439,"orthographic":false}