{"cameraMode":{"drawMode":0,"name":"Shaded","section":"Shading Mode"},"sceneLighting":false,"audioPlay":false,"sceneViewState":{"showFog":true,"showMaterialUpdate":false,"showSkybox":true,"showFlares":true,"showImageEffects":true,"showParticleSystems":true},"in2DMode":false,"pivot":{"x":-19.019012451171876,"y":-18.651187896728517,"z":65.667236328125},"rotation":{"x":-0.15710203349590302,"y":0.025769848376512529,"z":-0.004100657533854246,"w":-0.9872375726699829},"size":115.67254638671875,"orthographic":false}