{"cameraMode":{"drawMode":0,"name":"Shaded","section":"Shading Mode"},"sceneLighting":false,"audioPlay":false,"sceneViewState":{"showFog":true,"showMaterialUpdate":false,"showSkybox":true,"showFlares":true,"showImageEffects":true,"showParticleSystems":true},"in2DMode":false,"pivot":{"x":13.537751197814942,"y":35.535648345947269,"z":136.35128784179688},"rotation":{"x":-0.04591023921966553,"y":-0.06575705111026764,"z":-0.002938865916803479,"w":0.9967784881591797},"size":61.09551239013672,"orthographic":false}