{"cameraMode":{"drawMode":0,"name":"Shaded","section":"Shading Mode"},"sceneLighting":false,"audioPlay":false,"sceneViewState":{"showFog":true,"showMaterialUpdate":false,"showSkybox":true,"showFlares":true,"showImageEffects":true,"showParticleSystems":true},"in2DMode":false,"pivot":{"x":3.8000030517578127,"y":100.0,"z":94.30000305175781},"rotation":{"x":0.11718999594449997,"y":-0.017735064029693605,"z":0.002185462974011898,"w":0.9929549098014832},"size":155.98431396484376,"orthographic":false}