{"cameraMode":{"drawMode":0,"name":"Shaded","section":"Shading Mode"},"sceneLighting":false,"audioPlay":false,"sceneViewState":{"showFog":true,"showMaterialUpdate":false,"showSkybox":true,"showFlares":true,"showImageEffects":true,"showParticleSystems":true},"in2DMode":false,"pivot":{"x":13.870880126953125,"y":47.91801452636719,"z":-86.28317260742188},"rotation":{"x":-0.16620507836341859,"y":0.6611636877059937,"z":-0.1536286324262619,"w":-0.7152878046035767},"size":165.2056427001953,"orthographic":false}