{"cameraMode":{"drawMode":0,"name":"Shaded","section":"Shading Mode"},"sceneLighting":false,"audioPlay":false,"sceneViewState":{"showFog":true,"showMaterialUpdate":false,"showSkybox":true,"showFlares":true,"showImageEffects":true,"showParticleSystems":true},"in2DMode":false,"pivot":{"x":-8.826910018920899,"y":-4.978691101074219,"z":48.64516830444336},"rotation":{"x":0.0971202403306961,"y":-0.10431627184152603,"z":0.010201627388596535,"w":0.9897581934928894},"size":42.12179183959961,"orthographic":false}